,,Image name,version,,,,,,,,,,,
./docs/KustomizeBestPractices.md,        image, gcr.io/kubeflow-images-public/profile-controller,v20190228-v0.4.0-rc.1-192-g1a802656-dirty-f95773,docs,KustomizeBestPractices.md,,,,,,,,,
./docs/KustomizeBestPractices.md,        image, gcr.io/kubeflow-images-public/profile-controller,v20190228-v0.4.0-rc.1-192-g1a802656-dirty-f95773,docs,KustomizeBestPractices.md,,,,,,,,,
./contrib/experimental/mirror-images/mirror_task.yaml,    - image, gcr.io/kaniko-project/executor,v0.11.0,contrib,experimental,mirror-images,mirror_task.yaml,,,,,,,
./contrib/feast/feast/base/resources.yaml,        image, gcr.io/kf-feast/feast-core,develop,contrib,feast,feast,base,resources.yaml,,,,,,
./contrib/feast/feast/base/resources.yaml,        image, gcr.io/kf-feast/feast-jobservice,develop,contrib,feast,feast,base,resources.yaml,,,,,,
./contrib/feast/feast/base/resources.yaml,        image, gcr.io/kf-feast/feast-serving,develop,contrib,feast,feast,base,resources.yaml,,,,,,
./contrib/feast/feast/base/resources.yaml,        #   image, busybox,,contrib,feast,feast,base,resources.yaml,,,,,,
./contrib/feast/feast/base/resources.yaml,          image, docker.io/bitnami/postgresql,11.7.0-debian-10-r9,contrib,feast,feast,base,resources.yaml,,,,,,
./contrib/feast/feast/base/resources.yaml,        image, "docker.io/bitnami/redis,5.0.7-debian-10-r32",contrib,feast,feast,base,resources.yaml,,,,,,
./contrib/feast/feast/base/resources.yaml,        image, docker.io/bitnami/redis,5.0.7-debian-10-r32,contrib,feast,feast,base,resources.yaml,,,,,,
./contrib/modeldb/base/mysql-backend-deployment.yaml,        image, mysql,5.7,contrib,modeldb,base,mysql-backend-deployment.yaml,,,,,,,
./contrib/modeldb/base/proxy-deployment.yaml,        image, vertaaiofficial/modeldb-backend-proxy,kubeflow,contrib,modeldb,base,proxy-deployment.yaml,,,,,,,
./contrib/modeldb/base/webapp-deplyment.yaml,      - image, vertaaiofficial/modeldb-frontend,kubeflow,contrib,modeldb,base,webapp-deplyment.yaml,,,,,,,
./contrib/modeldb/base/artifact-store-deployment.yaml,        image, vertaaiofficial/modeldb-artifact-store,kubeflow,contrib,modeldb,base,artifact-store-deployment.yaml,,,,,,,
./contrib/modeldb/base/backend-deployment.yaml,        image, vertaaiofficial/modeldb-backend,kubeflow,contrib,modeldb,base,backend-deployment.yaml,,,,,,,
./contrib/flink/flink-operator/base/deployment.yaml,        image, gcr.io/kubebuilder/kube-rbac-proxy,v0.4.0,contrib,flink,flink-operator,base,deployment.yaml,,,,,,
./contrib/flink/flink-operator/base/deployment.yaml,        image, gcr.io/flink-operator/flink-operator,latest,contrib,flink,flink-operator,base,deployment.yaml,,,,,,
./contrib/flink/flink-operator/base/setup-job.yaml,        image, gcr.io/flink-operator/deployer,webhook-cert,contrib,flink,flink-operator,base,setup-job.yaml,,,,,,
./contrib/basic-auth/base/gatekeeper-deployment.yaml,        image, gcr.io/kubeflow-images-public/gatekeeper,v0.5.0,contrib,basic-auth,base,gatekeeper-deployment.yaml,,,,,,,
./contrib/basic-auth/base/kflogin-deployment.yaml,        image, gcr.io/kubeflow-images-public/kflogin-ui,v0.5.0,contrib,basic-auth,base,kflogin-deployment.yaml,,,,,,,
./contrib/dex-auth/dex-ldap/base/deployment.yaml,        image, osixia/openldap,,contrib,dex-auth,dex-ldap,base,deployment.yaml,,,,,,
./contrib/dex-auth/dex-ldap/base/deployment.yaml,        image, osixia/phpldapadmin,,contrib,dex-auth,dex-ldap,base,deployment.yaml,,,,,,
./contrib/dex-auth/keycloak-gatekeeper/base/deployment.yaml,        image, keycloak/keycloak-gatekeeper,5.0.0,contrib,dex-auth,keycloak-gatekeeper,base,deployment.yaml,,,,,,
./contrib/dex-auth/dex-authenticator/base/deployment.yaml,        image, "mintel/dex-k8s-authenticator,1.2.0",contrib,dex-auth,dex-authenticator,base,deployment.yaml,,,,,,
./contrib/seldon/seldon-core-operator/base/resources.yaml,        image, 'docker.io/seldonio/seldon-core-operator,1.9.0',contrib,seldon,seldon-core-operator,base,resources.yaml,,,,,,
./contrib/seldon/values.yaml,  image, seldonio/rclone-storage-initializer,1.9.0,contrib,seldon,values.yaml,,,,,,,,
./contrib/seldon/values.yaml,        image, seldonio/mlflowserver,,contrib,seldon,values.yaml,,,,,,,,
./contrib/seldon/values.yaml,        image, seldonio/sklearnserver,,contrib,seldon,values.yaml,,,,,,,,
./contrib/seldon/values.yaml,        image, seldonio/mlserver,,contrib,seldon,values.yaml,,,,,,,,
./contrib/seldon/values.yaml,        image, seldonio/tfserving-proxy,,contrib,seldon,values.yaml,,,,,,,,
./contrib/seldon/values.yaml,        image,  tensorflow/serving,,contrib,seldon,values.yaml,,,,,,,,
./contrib/seldon/values.yaml,        image, seldonio/xgboostserver,,contrib,seldon,values.yaml,,,,,,,,
./contrib/seldon/values.yaml,        image, seldonio/mlserver,,contrib,seldon,values.yaml,,,,,,,,
./contrib/seldon/values.yaml,        image, nvcr.io/nvidia/tritonserver,,contrib,seldon,values.yaml,,,,,,,,
./contrib/seldon/values.yaml,        image, seldonio/mlserver,,contrib,seldon,values.yaml,,,,,,,,
./contrib/seldon/values.yaml,  image, seldonio/alibiexplainer,1.9.0,contrib,seldon,values.yaml,,,,,,,,
./contrib/tektoncd/tektoncd-install/base/deployment.yaml,          image, $(tekton-registry)/$(controller),,contrib,tektoncd,tektoncd-install,base,deployment.yaml,,,,,,
./contrib/tektoncd/tektoncd-install/base/deployment.yaml,          image, $(tekton-registry)/$(webhook),,contrib,tektoncd,tektoncd-install,base,deployment.yaml,,,,,,
./contrib/tektoncd/tektoncd-dashboard/base/deployment.yaml,          image, gcr.io/tekton-releases/github.com/tektoncd/dashboard/cmd/dashboard@sha256,e36ec9efe78b4bb56a4b1c24d8241bee3a2b477aeef20ff864d1edef31953cd8,contrib,tektoncd,tektoncd-dashboard,base,deployment.yaml,,,,,,
./contrib/metacontroller/base/stateful-set.yaml,        image, metacontroller/metacontroller,v0.3.0,contrib,metacontroller,base,stateful-set.yaml,,,,,,,
./contrib/spartakus/base/deployment.yaml,        image, gcr.io/google_containers/spartakus-amd64,v1.1.0,contrib,spartakus,base,deployment.yaml,,,,,,,
./contrib/application/application/overlays/debug/stateful-set.yaml,        image, gcr.io/$(project)/application-controller,latest,contrib,application,application,overlays,debug,stateful-set.yaml,,,,,
./contrib/application/application/base/stateful-set.yaml,        image, gcr.io/kubeflow-images-public/kubernetes-sigs/application,,contrib,application,application,base,stateful-set.yaml,,,,,,
./contrib/spark/spark-operator/base/deploy.yaml,        image, gcr.io/spark-operator/spark-operator,v1beta2-1.1.0-2.4.5,contrib,spark,spark-operator,base,deploy.yaml,,,,,,
./common/cert-manager/cert-manager/base/cert-manager.yaml,        image, quay.io/jetstack/cert-manager-cainjector,v1.3.1,common,cert-manager,cert-manager,base,cert-manager.yaml,,,,,,
./common/cert-manager/cert-manager/base/cert-manager.yaml,        image, quay.io/jetstack/cert-manager-controller,v1.3.1,common,cert-manager,cert-manager,base,cert-manager.yaml,,,,,,
./common/cert-manager/cert-manager/base/cert-manager.yaml,        image, quay.io/jetstack/cert-manager-webhook,v1.3.1,common,cert-manager,cert-manager,base,cert-manager.yaml,,,,,,
./common/knative/knative-serving/base/upstream/net-istio.yaml,          image, gcr.io/knative-releases/knative.dev/net-istio/cmd/controller@sha256,ff8680da52ef47b8573ebc3393cbfa2f0f14b05c1e02232807f22699adbef57a,common,knative,knative-serving,base,upstream,net-istio.yaml,,,,,
./common/knative/knative-serving/base/upstream/net-istio.yaml,          image, gcr.io/knative-releases/knative.dev/net-istio/cmd/webhook@sha256,1e371db6b1a9f9265fc7a55d15d98c935c0c28925ffde351fb3b93f331c5a08e,common,knative,knative-serving,base,upstream,net-istio.yaml,,,,,
./common/knative/knative-serving/base/upstream/serving-core.yaml,  image, gcr.io/knative-releases/knative.dev/serving/cmd/queue@sha256,0b8e031170354950f3395876961452af1c62f7ab5161c9e71867392c11881962,common,knative,knative-serving,base,upstream,serving-core.yaml,,,,,
./common/knative/knative-serving/base/upstream/serving-core.yaml,          image, gcr.io/knative-releases/knative.dev/serving/cmd/activator@sha256,fed92af8b9779c97482906db8857f27b5d4826708b75d0298aa30fad8900671f,common,knative,knative-serving,base,upstream,serving-core.yaml,,,,,
./common/knative/knative-serving/base/upstream/serving-core.yaml,          image, gcr.io/knative-releases/knative.dev/serving/cmd/autoscaler@sha256,bc5ae3090ab0322ed0e4f9efddb60fa85f6ff3a29156411d24d0e4764b18eba7,common,knative,knative-serving,base,upstream,serving-core.yaml,,,,,
./common/knative/knative-serving/base/upstream/serving-core.yaml,          image, gcr.io/knative-releases/knative.dev/serving/cmd/controller@sha256,bd7c6350e5d5c4edaa197a86fb96cff78bdd3e61f33fcb77aa60930de0ec0827,common,knative,knative-serving,base,upstream,serving-core.yaml,,,,,
./common/knative/knative-serving/base/upstream/serving-core.yaml,          image, gcr.io/knative-releases/knative.dev/serving/cmd/webhook@sha256,6f41d379f1aacdfbb8f6d4f539e1769040e4f01bff3ad9c249b427e54dc56ea8,common,knative,knative-serving,base,upstream,serving-core.yaml,,,,,
./common/knative/knative-eventing-post-install-jobs/base/eventing-post-install-jobs.yaml,          image, gcr.io/knative-releases/knative.dev/eventing/cmd/v0.22/pingsource-cleanup@sha256,837b8d5cfe38afa297d25e7aed30ec8df80f721a084d4fdcc614d65afde4c528,common,knative,knative-eventing-post-install-jobs,base,eventing-post-install-jobs.yaml,,,,,,
./common/knative/knative-eventing-post-install-jobs/base/eventing-post-install-jobs.yaml,          image, gcr.io/knative-releases/knative.dev/eventing/vendor/knative.dev/pkg/apiextensions/storageversion/cmd/migrate@sha256,ef150a99d5b18781746d3934f181a766b27a975cb7593d9283fbd040e9ebfe5b,common,knative,knative-eventing-post-install-jobs,base,eventing-post-install-jobs.yaml,,,,,,
./common/knative/knative-eventing/base/upstream/mt-channel-broker.yaml,          image, gcr.io/knative-releases/knative.dev/eventing/cmd/broker/filter@sha256,0e25aa1613a3a1779b3f7b7f863e651e5f37520a7f6808ccad2164cc2b6a9b12,common,knative,knative-eventing,base,upstream,mt-channel-broker.yaml,,,,,
./common/knative/knative-eventing/base/upstream/mt-channel-broker.yaml,          image, gcr.io/knative-releases/knative.dev/eventing/cmd/broker/ingress@sha256,cf579f88aa2a37c240e25bb886c1ef5404e326e12c7caf571e49308612243eee,common,knative,knative-eventing,base,upstream,mt-channel-broker.yaml,,,,,
./common/knative/knative-eventing/base/upstream/mt-channel-broker.yaml,          image, gcr.io/knative-releases/knative.dev/eventing/cmd/mtchannel_broker@sha256,a2678934d280ea19b0804cc7757d559a0312e2acea221b17a99bd830cd9eeaac,common,knative,knative-eventing,base,upstream,mt-channel-broker.yaml,,,,,
./common/knative/knative-eventing/base/upstream/eventing-core.yaml,          image, gcr.io/knative-releases/knative.dev/eventing/cmd/controller@sha256,6ddffbc286a84048cfd090193d00b4ecda25a3a7bf2de1a8e873f8b3755cc913,common,knative,knative-eventing,base,upstream,eventing-core.yaml,,,,,
./common/knative/knative-eventing/base/upstream/eventing-core.yaml,          image, gcr.io/knative-releases/knative.dev/eventing/cmd/mtping@sha256,edf462d03591e53e536640591a53538e6bea837fea15ed081eccfb42bc35a5c0,common,knative,knative-eventing,base,upstream,eventing-core.yaml,,,,,
./common/knative/knative-eventing/base/upstream/eventing-core.yaml,          image, gcr.io/knative-releases/knative.dev/eventing/cmd/webhook@sha256,9f70a2a8bb78781472fba0327c5d6ff91f13a29736d4502bf8ad3d60d3f16ccd,common,knative,knative-eventing,base,upstream,eventing-core.yaml,,,,,
./common/knative/knative-eventing/base/upstream/in-memory-channel.yaml,          image, gcr.io/knative-releases/knative.dev/eventing/cmd/in_memory/channel_controller@sha256,904f42a768a9bc64999e7302d2bc7c1c48a08e74a82355cf57be513e6a124b82,common,knative,knative-eventing,base,upstream,in-memory-channel.yaml,,,,,
./common/knative/knative-eventing/base/upstream/in-memory-channel.yaml,          image, gcr.io/knative-releases/knative.dev/eventing/cmd/in_memory/channel_dispatcher@sha256,a6983f71c04619928199cc21e07ee6f1e1c87586621bc03b10c9ba1abd92bfa8,common,knative,knative-eventing,base,upstream,in-memory-channel.yaml,,,,,
./common/knative/knative-serving-post-install-jobs/base/serving-post-install-jobs.yaml,          image, gcr.io/knative-releases/knative.dev/serving/vendor/knative.dev/pkg/apiextensions/storageversion/cmd/migrate@sha256,dce9002c02d7abda2f7d4b656c28029ec172d085bb116f22936cb1e096c3d1c7,common,knative,knative-serving-post-install-jobs,base,serving-post-install-jobs.yaml,,,,,,
./common/oidc-authservice/overlays/ibm-storage-config/statefulset.yaml,        image, busybox,,common,oidc-authservice,overlays,ibm-storage-config,statefulset.yaml,,,,,,
./common/oidc-authservice/base/statefulset.yaml,        image, gcr.io/arrikto/kubeflow/oidc-authservice,6ac9400,common,oidc-authservice,base,statefulset.yaml,,,,,,,
./common/dex/base/deployment.yaml,      - image, quay.io/dexidp/dex,v2.22.0,common,dex,base,deployment.yaml,,,,,,,
./common/istio-1-9/istio-install/base/install.yaml,            image, "{{ annotation .ObjectMeta `sidecar.istio.io/proxyImage` .Values.global.proxy_init.image }}",,common,istio-1-9,istio-install,base,install.yaml,,,,,,
./common/istio-1-9/istio-install/base/install.yaml,            image, "{{ .Values.global.hub }}/{{ .Values.global.proxy_init.image }},{{ .Values.global.tag }}",common,istio-1-9,istio-install,base,install.yaml,,,,,,
./common/istio-1-9/istio-install/base/install.yaml,            image, "{{ annotation .ObjectMeta `sidecar.istio.io/proxyImage` .Values.global.proxy_init.image }}",,common,istio-1-9,istio-install,base,install.yaml,,,,,,
./common/istio-1-9/istio-install/base/install.yaml,            image, "{{ .Values.global.hub }}/{{ .Values.global.proxy_init.image }},{{ .Values.global.tag }}",common,istio-1-9,istio-install,base,install.yaml,,,,,,
./common/istio-1-9/istio-install/base/install.yaml,            image, "{{ annotation .ObjectMeta `sidecar.istio.io/proxyImage` .Values.global.proxy.image }}",,common,istio-1-9,istio-install,base,install.yaml,,,,,,
./common/istio-1-9/istio-install/base/install.yaml,            image, "{{ .Values.global.hub }}/{{ .Values.global.proxy.image }},{{ .Values.global.tag }}",common,istio-1-9,istio-install,base,install.yaml,,,,,,
./common/istio-1-9/istio-install/base/install.yaml,            image, "{{ annotation .ObjectMeta `sidecar.istio.io/proxyImage` .Values.global.proxy.image }}",,common,istio-1-9,istio-install,base,install.yaml,,,,,,
./common/istio-1-9/istio-install/base/install.yaml,            image, "{{ .Values.global.hub }}/{{ .Values.global.proxy.image }},{{ .Values.global.tag }}",common,istio-1-9,istio-install,base,install.yaml,,,,,,
./common/istio-1-9/istio-install/base/install.yaml,        image, docker.io/istio/proxyv2,1.9.6,common,istio-1-9,istio-install,base,install.yaml,,,,,,
./common/istio-1-9/istio-install/base/install.yaml,        image, docker.io/istio/pilot,1.9.6,common,istio-1-9,istio-install,base,install.yaml,,,,,,
./common/istio-1-9/cluster-local-gateway/base/cluster-local-gateway.yaml,        image, docker.io/istio/proxyv2,1.9.6,common,istio-1-9,cluster-local-gateway,base,cluster-local-gateway.yaml,,,,,,
./common/istio-1-9/profile.yaml,        image, proxyv2,,common,istio-1-9,profile.yaml,,,,,,,,
./common/istio-1-9/profile.yaml,        image, proxyv2,,common,istio-1-9,profile.yaml,,,,,,,,
./common/istio-1-9/profile.yaml,      image, pilot,,common,istio-1-9,profile.yaml,,,,,,,,
./apps/pipeline/upstream/env/azure/minio-azure-gateway/minio-azure-gateway-deployment.yaml,          image, gcr.io/ml-pipeline/minio,RELEASE.2019-08-14T20-37-41Z-license-compliance,apps,pipeline,upstream,env,azure,minio-azure-gateway,minio-azure-gateway-deployment.yaml,,,,
./apps/pipeline/upstream/env/gcp/cloudsql-proxy/cloudsql-proxy-deployment.yaml,        - image, gcr.io/cloudsql-docker/gce-proxy,1.14,apps,pipeline,upstream,env,gcp,cloudsql-proxy,cloudsql-proxy-deployment.yaml,,,,
./apps/pipeline/upstream/env/gcp/inverse-proxy/proxy-deployment.yaml,      - image, registry.cn-beijing.aliyuncs.com/kubeflow1_4/ml-pipeline_inverse-proxy-agent,dummy,apps,pipeline,upstream,env,gcp,inverse-proxy,proxy-deployment.yaml,,,,
./apps/pipeline/upstream/env/gcp/minio-gcs-gateway/minio-gcs-gateway-deployment.yaml,          image, gcr.io/ml-pipeline/minio,RELEASE.2019-08-14T20-37-41Z-license-compliance,apps,pipeline,upstream,env,gcp,minio-gcs-gateway,minio-gcs-gateway-deployment.yaml,,,,
./apps/pipeline/upstream/third-party/grafana/grafana-deployment.yaml,        image, grafana/grafana,5.3.4,apps,pipeline,upstream,third-party,grafana,grafana-deployment.yaml,,,,,
./apps/pipeline/upstream/third-party/minio/base/minio-deployment.yaml,        image, gcr.io/ml-pipeline/minio,RELEASE.2019-08-14T20-37-41Z-license-compliance,apps,pipeline,upstream,third-party,minio,base,minio-deployment.yaml,,,,
./apps/pipeline/upstream/third-party/mysql/base/mysql-deployment.yaml,        image, gcr.io/ml-pipeline/mysql,5.7,apps,pipeline,upstream,third-party,mysql,base,mysql-deployment.yaml,,,,
./apps/pipeline/upstream/third-party/metacontroller/base/stateful-set.yaml,        image, metacontroller/metacontroller,v0.3.0,apps,pipeline,upstream,third-party,metacontroller,base,stateful-set.yaml,,,,
./apps/pipeline/upstream/third-party/prometheus/prometheus-deployment.yaml,        image, prom/prometheus,,apps,pipeline,upstream,third-party,prometheus,prometheus-deployment.yaml,,,,,
./apps/pipeline/upstream/third-party/application/application-controller-deployment.yaml,          image, gcr.io/ml-pipeline/application-crd-controller,1.0-beta-non-cluster-role,apps,pipeline,upstream,third-party,application,application-controller-deployment.yaml,,,,,
./apps/pipeline/upstream/third-party/argo/base/workflow-controller-deployment-patch.yaml,          image, gcr.io/ml-pipeline/workflow-controller,v3.1.6-patch-license-compliance,apps,pipeline,upstream,third-party,argo,base,workflow-controller-deployment-patch.yaml,,,,
./apps/pipeline/upstream/third-party/argo/upstream/manifests/quick-start/postgres/postgres-deployment.yaml,          image, postgres,12-alpine,apps,pipeline,upstream,third-party,argo,upstream,manifests,quick-start,postgres,postgres-deployment.yaml,
./apps/pipeline/upstream/third-party/argo/upstream/manifests/quick-start/sso/dex/dex-deploy.yaml,          image, quay.io/dexidp/dex,v2.23.0,apps,pipeline,upstream,third-party,argo,upstream,manifests,quick-start,sso,dex,dex-deploy.yaml
./apps/pipeline/upstream/third-party/argo/upstream/manifests/quick-start/mysql/mysql-deployment.yaml,          image, mysql,8,apps,pipeline,upstream,third-party,argo,upstream,manifests,quick-start,mysql,mysql-deployment.yaml,
./apps/pipeline/upstream/third-party/argo/upstream/manifests/quick-start/base/minio/minio-pod.yaml,      image, minio/minio,RELEASE.2019-12-17T23-16-33Z,apps,pipeline,upstream,third-party,argo,upstream,manifests,quick-start,base,minio,minio-pod.yaml
./apps/pipeline/upstream/third-party/argo/upstream/manifests/quick-start/base/minio/minio-deploy.yaml,          image, minio/minio,RELEASE.2019-12-17T23-16-33Z,apps,pipeline,upstream,third-party,argo,upstream,manifests,quick-start,base,minio,minio-deploy.yaml
./apps/pipeline/upstream/third-party/argo/upstream/manifests/quick-start/base/prometheus/prometheus-deployment.yaml,          image, prom/prometheus,,apps,pipeline,upstream,third-party,argo,upstream,manifests,quick-start,base,prometheus,prometheus-deployment.yaml
./apps/pipeline/upstream/third-party/argo/upstream/manifests/base/workflow-controller/workflow-controller-deployment.yaml,          image, docker.io/argoproj/workflow-controller,latest,apps,pipeline,upstream,third-party,argo,upstream,manifests,base,workflow-controller,workflow-controller-deployment.yaml,
./apps/pipeline/upstream/third-party/argo/upstream/manifests/base/argo-server/argo-server-deployment.yaml,          image, docker.io/argoproj/argocli,latest,apps,pipeline,upstream,third-party,argo,upstream,manifests,base,argo-server,argo-server-deployment.yaml,
./apps/pipeline/upstream/base/pipeline/ml-pipeline-scheduledworkflow-deployment.yaml,      - image, gcr.io/ml-pipeline/scheduledworkflow,dummy,apps,pipeline,upstream,base,pipeline,ml-pipeline-scheduledworkflow-deployment.yaml,,,,,
./apps/pipeline/upstream/base/pipeline/ml-pipeline-apiserver-deployment.yaml,        image, gcr.io/ml-pipeline/api-server,dummy,apps,pipeline,upstream,base,pipeline,ml-pipeline-apiserver-deployment.yaml,,,,,
./apps/pipeline/upstream/base/pipeline/ml-pipeline-persistenceagent-deployment.yaml,        image, gcr.io/ml-pipeline/persistenceagent,dummy,apps,pipeline,upstream,base,pipeline,ml-pipeline-persistenceagent-deployment.yaml,,,,,
./apps/pipeline/upstream/base/pipeline/ml-pipeline-visualization-deployment.yaml,      - image, gcr.io/ml-pipeline/visualization-server,dummy,apps,pipeline,upstream,base,pipeline,ml-pipeline-visualization-deployment.yaml,,,,,
./apps/pipeline/upstream/base/pipeline/ml-pipeline-viewer-crd-deployment.yaml,      - image, gcr.io/ml-pipeline/viewer-crd-controller,dummy,apps,pipeline,upstream,base,pipeline,ml-pipeline-viewer-crd-deployment.yaml,,,,,
./apps/pipeline/upstream/base/pipeline/ml-pipeline-ui-deployment.yaml,      - image, gcr.io/ml-pipeline/frontend,dummy,apps,pipeline,upstream,base,pipeline,ml-pipeline-ui-deployment.yaml,,,,,
./apps/pipeline/upstream/base/pipeline/metadata-writer/metadata-writer-deployment.yaml,        image, registry.cn-beijing.aliyuncs.com/kubeflow1_4/ml-pipeline_metadata-writer,dummy,apps,pipeline,upstream,base,pipeline,metadata-writer,metadata-writer-deployment.yaml,,,,
./apps/pipeline/upstream/base/cache/cache-deployment.yaml,        image, registry.cn-beijing.aliyuncs.com/kubeflow1_4/cache-server,dummy,apps,pipeline,upstream,base,cache,cache-deployment.yaml,,,,,
./apps/pipeline/upstream/base/installs/multi-user/pipelines-profile-controller/sync.py,        visualization_server_image, gcr.io/ml-pipeline/visualization-server,,apps,pipeline,upstream,base,installs,multi-user,pipelines-profile-controller,sync.py,,,
./apps/pipeline/upstream/base/installs/multi-user/pipelines-profile-controller/sync.py,        frontend_image, gcr.io/ml-pipeline/frontend,,apps,pipeline,upstream,base,installs,multi-user,pipelines-profile-controller,sync.py,,,
./apps/pipeline/upstream/base/installs/multi-user/pipelines-profile-controller/deployment.yaml,        image, python,3.7,apps,pipeline,upstream,base,installs,multi-user,pipelines-profile-controller,deployment.yaml,,,
./apps/pipeline/upstream/base/cache-deployer/cache-deployer-deployment.yaml,        image, registry.cn-beijing.aliyuncs.com/kubeflow1_4/cache-deployer,dummy,apps,pipeline,upstream,base,cache-deployer,cache-deployer-deployment.yaml,,,,,
./apps/pipeline/upstream/base/metadata/overlays/db/metadata-db-deployment.yaml,        image, mysql,8.0.3,apps,pipeline,upstream,base,metadata,overlays,db,metadata-db-deployment.yaml,,,
./apps/pipeline/upstream/base/metadata/base/metadata-envoy-deployment.yaml,        image, registry.cn-beijing.aliyuncs.com/kubeflow1_4/ml-pipeline_metadata-envoy,dummy,apps,pipeline,upstream,base,metadata,base,metadata-envoy-deployment.yaml,,,,
./apps/pipeline/upstream/base/metadata/base/metadata-grpc-deployment.yaml,        image, gcr.io/tfx-oss-public/ml_metadata_store_server,1.0.0,apps,pipeline,upstream,base,metadata,base,metadata-grpc-deployment.yaml,,,,
./apps/mpi-job/upstream/base/deployment.yaml,        image, mpioperator/mpi-operator,latest,apps,mpi-job,upstream,base,deployment.yaml,,,,,,
./apps/kfp-tekton/upstream/env/azure/minio-azure-gateway/minio-azure-gateway-deployment.yaml,          image, gcr.io/ml-pipeline/minio,RELEASE.2019-08-14T20-37-41Z-license-compliance,apps,kfp-tekton,upstream,env,azure,minio-azure-gateway,minio-azure-gateway-deployment.yaml,,,,
./apps/kfp-tekton/upstream/env/gcp/cloudsql-proxy/cloudsql-proxy-deployment.yaml,        - image, gcr.io/cloudsql-docker/gce-proxy,1.14,apps,kfp-tekton,upstream,env,gcp,cloudsql-proxy,cloudsql-proxy-deployment.yaml,,,,
./apps/kfp-tekton/upstream/env/gcp/inverse-proxy/proxy-deployment.yaml,      - image, registry.cn-beijing.aliyuncs.com/kubeflow1_4/ml-pipeline_inverse-proxy-agent,dummy,apps,kfp-tekton,upstream,env,gcp,inverse-proxy,proxy-deployment.yaml,,,,
./apps/kfp-tekton/upstream/env/gcp/minio-gcs-gateway/minio-gcs-gateway-deployment.yaml,          image, gcr.io/ml-pipeline/minio,RELEASE.2019-08-14T20-37-41Z-license-compliance,apps,kfp-tekton,upstream,env,gcp,minio-gcs-gateway,minio-gcs-gateway-deployment.yaml,,,,
./apps/kfp-tekton/upstream/third-party/tekton-custom-task/pipeline-loops/500-webhook.yaml,        image, docker.io/aipipeline/pipelineloop-webhook,nightly,apps,kfp-tekton,upstream,third-party,tekton-custom-task,pipeline-loops,500-webhook.yaml,,,,
./apps/kfp-tekton/upstream/third-party/tekton-custom-task/pipeline-loops/500-controller.yaml,        image, docker.io/aipipeline/pipelineloop-controller,nightly,apps,kfp-tekton,upstream,third-party,tekton-custom-task,pipeline-loops,500-controller.yaml,,,,
./apps/kfp-tekton/upstream/third-party/grafana/grafana-deployment.yaml,        image, grafana/grafana,5.3.4,apps,kfp-tekton,upstream,third-party,grafana,grafana-deployment.yaml,,,,,
./apps/kfp-tekton/upstream/third-party/minio/base/minio-deployment.yaml,        image, gcr.io/ml-pipeline/minio,RELEASE.2019-08-14T20-37-41Z-license-compliance,apps,kfp-tekton,upstream,third-party,minio,base,minio-deployment.yaml,,,,
./apps/kfp-tekton/upstream/third-party/mysql/base/mysql-deployment.yaml,        image, gcr.io/ml-pipeline/mysql,5.7,apps,kfp-tekton,upstream,third-party,mysql,base,mysql-deployment.yaml,,,,
./apps/kfp-tekton/upstream/third-party/tekton/upstream/manifests/base/tektoncd-install/tekton-release.yaml,          image, gcr.io/tekton-releases/github.com/tektoncd/pipeline/cmd/controller,v0.27.0,apps,kfp-tekton,upstream,third-party,tekton,upstream,manifests,base,tektoncd-install,tekton-release.yaml,
./apps/kfp-tekton/upstream/third-party/tekton/upstream/manifests/base/tektoncd-install/tekton-release.yaml,          image, gcr.io/tekton-releases/github.com/tektoncd/pipeline/cmd/webhook,v0.27.0,apps,kfp-tekton,upstream,third-party,tekton,upstream,manifests,base,tektoncd-install,tekton-release.yaml,
./apps/kfp-tekton/upstream/third-party/tekton/upstream/manifests/base/tektoncd-dashboard/tekton-dashboard-release.yaml,          image, gcr.io/tekton-releases/github.com/tektoncd/dashboard/cmd/dashboard@sha256,81c6e5343eba03333b3bc7bbee2977090daf559d550ae22e570b9d1e1e52c471,apps,kfp-tekton,upstream,third-party,tekton,upstream,manifests,base,tektoncd-dashboard,tekton-dashboard-release.yaml,
./apps/kfp-tekton/upstream/third-party/metacontroller/base/stateful-set.yaml,        image, metacontroller/metacontroller,v0.3.0,apps,kfp-tekton,upstream,third-party,metacontroller,base,stateful-set.yaml,,,,
./apps/kfp-tekton/upstream/third-party/prometheus/prometheus-deployment.yaml,        image, prom/prometheus,,apps,kfp-tekton,upstream,third-party,prometheus,prometheus-deployment.yaml,,,,,
./apps/kfp-tekton/upstream/third-party/application/application-controller-deployment.yaml,          image, gcr.io/ml-pipeline/application-crd-controller,1.0-beta-non-cluster-role,apps,kfp-tekton,upstream,third-party,application,application-controller-deployment.yaml,,,,,
./apps/kfp-tekton/upstream/third-party/argo/base/workflow-controller-deployment-patch.yaml,          image, gcr.io/ml-pipeline/workflow-controller,v3.1.6-patch-license-compliance,apps,kfp-tekton,upstream,third-party,argo,base,workflow-controller-deployment-patch.yaml,,,,
./apps/kfp-tekton/upstream/third-party/argo/upstream/manifests/quick-start/postgres/postgres-deployment.yaml,          image, postgres,12-alpine,apps,kfp-tekton,upstream,third-party,argo,upstream,manifests,quick-start,postgres,postgres-deployment.yaml,
./apps/kfp-tekton/upstream/third-party/argo/upstream/manifests/quick-start/sso/dex/dex-deploy.yaml,          image, quay.io/dexidp/dex,v2.23.0,apps,kfp-tekton,upstream,third-party,argo,upstream,manifests,quick-start,sso,dex,dex-deploy.yaml
./apps/kfp-tekton/upstream/third-party/argo/upstream/manifests/quick-start/mysql/mysql-deployment.yaml,          image, mysql,8,apps,kfp-tekton,upstream,third-party,argo,upstream,manifests,quick-start,mysql,mysql-deployment.yaml,
./apps/kfp-tekton/upstream/third-party/argo/upstream/manifests/quick-start/base/minio/minio-pod.yaml,      image, minio/minio,RELEASE.2019-12-17T23-16-33Z,apps,kfp-tekton,upstream,third-party,argo,upstream,manifests,quick-start,base,minio,minio-pod.yaml
./apps/kfp-tekton/upstream/third-party/argo/upstream/manifests/quick-start/base/minio/minio-deploy.yaml,          image, minio/minio,RELEASE.2019-12-17T23-16-33Z,apps,kfp-tekton,upstream,third-party,argo,upstream,manifests,quick-start,base,minio,minio-deploy.yaml
./apps/kfp-tekton/upstream/third-party/argo/upstream/manifests/quick-start/base/prometheus/prometheus-deployment.yaml,          image, prom/prometheus,,apps,kfp-tekton,upstream,third-party,argo,upstream,manifests,quick-start,base,prometheus,prometheus-deployment.yaml
./apps/kfp-tekton/upstream/third-party/argo/upstream/manifests/base/workflow-controller/workflow-controller-deployment.yaml,          image, docker.io/argoproj/workflow-controller,latest,apps,kfp-tekton,upstream,third-party,argo,upstream,manifests,base,workflow-controller,workflow-controller-deployment.yaml,
./apps/kfp-tekton/upstream/third-party/argo/upstream/manifests/base/argo-server/argo-server-deployment.yaml,          image, docker.io/argoproj/argocli,latest,apps,kfp-tekton,upstream,third-party,argo,upstream,manifests,base,argo-server,argo-server-deployment.yaml,
./apps/kfp-tekton/upstream/base/pipeline/ml-pipeline-scheduledworkflow-deployment.yaml,      - image, gcr.io/ml-pipeline/scheduledworkflow,dummy,apps,kfp-tekton,upstream,base,pipeline,ml-pipeline-scheduledworkflow-deployment.yaml,,,,,
./apps/kfp-tekton/upstream/base/pipeline/ml-pipeline-apiserver-deployment.yaml,        image, gcr.io/ml-pipeline/api-server,dummy,apps,kfp-tekton,upstream,base,pipeline,ml-pipeline-apiserver-deployment.yaml,,,,,
./apps/kfp-tekton/upstream/base/pipeline/kfp-pipeline-config.yaml,  artifact_image, "minio/mc,RELEASE.2020-11-25T23-04-07Z",apps,kfp-tekton,upstream,base,pipeline,kfp-pipeline-config.yaml,,,,,
./apps/kfp-tekton/upstream/base/pipeline/ml-pipeline-persistenceagent-deployment.yaml,        image, gcr.io/ml-pipeline/persistenceagent,dummy,apps,kfp-tekton,upstream,base,pipeline,ml-pipeline-persistenceagent-deployment.yaml,,,,,
./apps/kfp-tekton/upstream/base/pipeline/ml-pipeline-visualization-deployment.yaml,      - image, gcr.io/ml-pipeline/visualization-server,dummy,apps,kfp-tekton,upstream,base,pipeline,ml-pipeline-visualization-deployment.yaml,,,,,
./apps/kfp-tekton/upstream/base/pipeline/ml-pipeline-viewer-crd-deployment.yaml,      - image, gcr.io/ml-pipeline/viewer-crd-controller,dummy,apps,kfp-tekton,upstream,base,pipeline,ml-pipeline-viewer-crd-deployment.yaml,,,,,
./apps/kfp-tekton/upstream/base/pipeline/ml-pipeline-ui-deployment.yaml,      - image, gcr.io/ml-pipeline/frontend,dummy,apps,kfp-tekton,upstream,base,pipeline,ml-pipeline-ui-deployment.yaml,,,,,
./apps/kfp-tekton/upstream/base/pipeline/metadata-writer/metadata-writer-deployment.yaml,        image, registry.cn-beijing.aliyuncs.com/kubeflow1_4/ml-pipeline_metadata-writer,dummy,apps,kfp-tekton,upstream,base,pipeline,metadata-writer,metadata-writer-deployment.yaml,,,,
./apps/kfp-tekton/upstream/base/cache/cache-deployment.yaml,        image, registry.cn-beijing.aliyuncs.com/kubeflow1_4/cache-server,dummy,apps,kfp-tekton,upstream,base,cache,cache-deployment.yaml,,,,,
./apps/kfp-tekton/upstream/base/installs/multi-user/pipelines-profile-controller/sync.py,        visualization_server_image, gcr.io/ml-pipeline/visualization-server,,apps,kfp-tekton,upstream,base,installs,multi-user,pipelines-profile-controller,sync.py,,,
./apps/kfp-tekton/upstream/base/installs/multi-user/pipelines-profile-controller/sync.py,        frontend_image, gcr.io/ml-pipeline/frontend,,apps,kfp-tekton,upstream,base,installs,multi-user,pipelines-profile-controller,sync.py,,,
./apps/kfp-tekton/upstream/base/installs/multi-user/pipelines-profile-controller/deployment.yaml,        image, python,3.7,apps,kfp-tekton,upstream,base,installs,multi-user,pipelines-profile-controller,deployment.yaml,,,
./apps/kfp-tekton/upstream/base/cache-deployer/cache-deployer-deployment.yaml,        image, registry.cn-beijing.aliyuncs.com/kubeflow1_4/cache-deployer,dummy,apps,kfp-tekton,upstream,base,cache-deployer,cache-deployer-deployment.yaml,,,,,
./apps/kfp-tekton/upstream/base/metadata/overlays/db/metadata-db-deployment.yaml,        image, mysql,8.0.3,apps,kfp-tekton,upstream,base,metadata,overlays,db,metadata-db-deployment.yaml,,,
./apps/kfp-tekton/upstream/base/metadata/base/metadata-envoy-deployment.yaml,        image, registry.cn-beijing.aliyuncs.com/kubeflow1_4/ml-pipeline_metadata-envoy,dummy,apps,kfp-tekton,upstream,base,metadata,base,metadata-envoy-deployment.yaml,,,,
./apps/kfp-tekton/upstream/base/metadata/base/metadata-grpc-deployment.yaml,        image, gcr.io/tfx-oss-public/ml_metadata_store_server,1.0.0,apps,kfp-tekton,upstream,base,metadata,base,metadata-grpc-deployment.yaml,,,,
./apps/volumes-web-app/upstream/base/deployment.yaml,        image, public.ecr.aws/j1r0q0g6/notebooks/volumes-web-app,,apps,volumes-web-app,upstream,base,deployment.yaml,,,,,,
./apps/admission-webhook/upstream/base/deployment.yaml,      - image, public.ecr.aws/j1r0q0g6/notebooks/admission-webhook,,apps,admission-webhook,upstream,base,deployment.yaml,,,,,,
./apps/training-operator/upstream/base/deployment.yaml,          image, kubeflow/training-operator,,apps,training-operator,upstream,base,deployment.yaml,,,,,,
./apps/kfserving/upstream/web-app/deployment.yaml,      - image, kfserving/models-web-app,v0.6.1,apps,kfserving,upstream,web-app,deployment.yaml,,,,,,
./apps/kfserving/upstream/overlays/test/manager_image_patch.yaml,          image, 809251082950.dkr.ecr.us-west-2.amazonaws.com/kfserving/kfserving-controller,latest,apps,kfserving,upstream,overlays,test,manager_image_patch.yaml,,,,,
./apps/kfserving/upstream/overlays/development/configmap/ko_resolve_logger,image, ko,//github.com/kubeflow/kfserving/cmd/logger,apps,kfserving,upstream,overlays,development,configmap,ko_resolve_logger,,,,
./apps/kfserving/upstream/overlays/development/configmap/ko_resolve_batcher,image, ko,//github.com/kubeflow/kfserving/cmd/batcher,apps,kfserving,upstream,overlays,development,configmap,ko_resolve_batcher,,,,
./apps/kfserving/upstream/overlays/development/configmap/ko_resolve_agent,image, ko,//github.com/kubeflow/kfserving/cmd/agent,apps,kfserving,upstream,overlays,development,configmap,ko_resolve_agent,,,,
./apps/kfserving/upstream/default/manager_auth_proxy_patch.yaml,        image, gcr.io/kubebuilder/kube-rbac-proxy,v0.4.0,apps,kfserving,upstream,default,manager_auth_proxy_patch.yaml,,,,,,
./apps/kfserving/upstream/default/manager_image_patch.yaml,      - image, kfserving/kfserving-controller,v0.6.1,apps,kfserving,upstream,default,manager_image_patch.yaml,,,,,,
./apps/kfserving/upstream/manager/manager.yaml,        image, ko,//github.com/kubeflow/kfserving/cmd/manager,apps,kfserving,upstream,manager,manager.yaml,,,,,,
./apps/tensorboard/tensorboards-web-app/upstream/base/deployment.yaml,        image, public.ecr.aws/j1r0q0g6/notebooks/tensorboards-web-app,,apps,tensorboard,tensorboards-web-app,upstream,base,deployment.yaml,,,,,
./apps/tensorboard/tensorboard-controller/upstream/default/manager_auth_proxy_patch.yaml,        image, gcr.io/kubebuilder/kube-rbac-proxy,v0.4.0,apps,tensorboard,tensorboard-controller,upstream,default,manager_auth_proxy_patch.yaml,,,,,
./apps/tensorboard/tensorboard-controller/upstream/manager/manager.yaml,        image, public.ecr.aws/j1r0q0g6/notebooks/tensorboard-controller,,apps,tensorboard,tensorboard-controller,upstream,manager,manager.yaml,,,,,
./apps/centraldashboard/upstream/base/deployment.yaml,        image, public.ecr.aws/j1r0q0g6/notebooks/central-dashboard,,apps,centraldashboard,upstream,base,deployment.yaml,,,,,,
./apps/profiles/upstream/overlays/kubeflow/patches/kfam.yaml,        image, public.ecr.aws/j1r0q0g6/notebooks/access-management,,apps,profiles,upstream,overlays,kubeflow,patches,kfam.yaml,,,,
./apps/profiles/upstream/default/manager_auth_proxy_patch.yaml,        image, gcr.io/kubebuilder/kube-rbac-proxy,v0.4.0,apps,profiles,upstream,default,manager_auth_proxy_patch.yaml,,,,,,
./apps/profiles/upstream/manager/manager.yaml,        image, public.ecr.aws/j1r0q0g6/notebooks/profile-controller,,apps,profiles,upstream,manager,manager.yaml,,,,,,
./apps/katib/upstream/components/cert-generator/cert-generator.yaml,          image, docker.io/kubeflowkatib/cert-generator,,apps,katib,upstream,components,cert-generator,cert-generator.yaml,,,,,
./apps/katib/upstream/components/ui/ui.yaml,          image, docker.io/kubeflowkatib/katib-ui,,apps,katib,upstream,components,ui,ui.yaml,,,,,
./apps/katib/upstream/components/controller/trial-templates.yaml,              image, docker.io/kubeflowkatib/mxnet-mnist,v1beta1-45c5727,apps,katib,upstream,components,controller,trial-templates.yaml,,,,,
./apps/katib/upstream/components/controller/trial-templates.yaml,              image, docker.io/kubeflowkatib/enas-cnn-cifar10-cpu,v1beta1-45c5727,apps,katib,upstream,components,controller,trial-templates.yaml,,,,,
./apps/katib/upstream/components/controller/trial-templates.yaml,                  image, docker.io/kubeflowkatib/pytorch-mnist,v1beta1-45c5727,apps,katib,upstream,components,controller,trial-templates.yaml,,,,,
./apps/katib/upstream/components/controller/trial-templates.yaml,                  image, docker.io/kubeflowkatib/pytorch-mnist,v1beta1-45c5727,apps,katib,upstream,components,controller,trial-templates.yaml,,,,,
./apps/katib/upstream/components/controller/controller.yaml,          image, docker.io/kubeflowkatib/katib-controller,,apps,katib,upstream,components,controller,controller.yaml,,,,,
./apps/katib/upstream/components/mysql/mysql.yaml,          image, mysql,8.0.26,apps,katib,upstream,components,mysql,mysql.yaml,,,,,
./apps/katib/upstream/components/db-manager/db-manager.yaml,          image, docker.io/kubeflowkatib/katib-db-manager,,apps,katib,upstream,components,db-manager,db-manager.yaml,,,,,
./apps/kubebench/upstream/base/deployment.yaml,      - image, gcr.io/kubeflow-images-public/kubebench/kubebench-operator-v1alpha2,,apps,kubebench,upstream,base,deployment.yaml,,,,,,
./apps/kubebench/upstream/base/config-map.yaml,        image, gcr.io/kubeflow-images-public/kubebench/workflow-agent,bc682c1,apps,kubebench,upstream,base,config-map.yaml,,,,,,
./apps/jupyter/jupyter-web-app/upstream/base/deployment.yaml,        image, public.ecr.aws/j1r0q0g6/notebooks/jupyter-web-app,,apps,jupyter,jupyter-web-app,upstream,base,deployment.yaml,,,,,
./apps/jupyter/notebook-controller/upstream/default/manager_auth_proxy_patch.yaml,        image, gcr.io/kubebuilder/kube-rbac-proxy,v0.4.0,apps,jupyter,notebook-controller,upstream,default,manager_auth_proxy_patch.yaml,,,,,
./apps/jupyter/notebook-controller/upstream/default/manager_image_patch.yaml,      - image, IMAGE_URL,,apps,jupyter,notebook-controller,upstream,default,manager_image_patch.yaml,,,,,
./apps/jupyter/notebook-controller/upstream/manager/manager.yaml,        image, public.ecr.aws/j1r0q0g6/notebooks/notebook-controller,,apps,jupyter,notebook-controller,upstream,manager,manager.yaml,,,,,
